,author,comment,published_at
0,@DarshilParmar,"EDIT:
Elon Musk ruined the API part, you can use some other APIs

Here's one of the subscriber built the same project using other APIs - https://chenmeiqiao.notion.site/How-I-Reach-Out-to-YouTubers-I-Like-As-A-Data-Engineer-c37bdddefde54c3789229ffa5a789432

or you can use a static dataset from Kaggle and then use Airflow to process it
https://www.kaggle.com/datasets/mmmarchetti/tweets-dataset

FAQ:
1. Twitter removed free access: It still has free access but with limits of requests you can make - https://developer.twitter.com/en/docs/twitter-api/getting-started/about-twitter-api

2. You need to request for V2 access: You will get an error but just by reading the doc you should be able to access Elevated Access


Worked very hard for this projectü§û
Don‚Äôt forget to hit the like button and if you want to support my work you can join channel membership, it's only 59rs per month so that I can keep these content for free",2022-09-20T12:06:19Z
1,@soegrassairsoft5016,In 18:10 now i understand why we have to be polite in internet. HR will look into this...,2023-12-12T04:33:41Z
2,@AnkitDubey-ru9jb,"Even after adding inbound rule, My Public IPv4 DNS is not working, please help!",2023-12-09T20:39:24Z
3,@nikhilchavan1577,Just jumping from here and there. I cant find the same stuff for Twitter Dashboard. :(,2023-12-06T03:09:14Z
4,@akashsoni7925,"Those who are stuck in the api part can look for some other apis and perform ETL on it too and make your own project.
Darshil helped us to understand the concepts therefore its not mandatory to use only Twitter api.
Thanks a lot Darshil :)",2023-12-05T21:36:46Z
5,@SHADABALAM2002,"I have install docker desktop, every thing is running fine , but in .py file i receive error on ""from airflow import DAG""... can you suggest ?",2023-11-30T10:52:11Z
6,@kamalx8115,"You need a v2 API , it‚Äôs $100 a month.",2023-11-18T18:18:53Z
7,@CrispCotton98,"Twitter API now limits the endpoints available, I think you have to pay for this endpoint now as I wasn't able to access it at the 15.25 point in this video.

Just thought you'd like to know",2023-11-15T20:11:13Z
8,@learningwithsarangagoutom7386,"Hi @darshil Parmar , 

I am getting 403 forbidden error while extracting data using tweepy api. I have followed all steps as shown in your video. Could you help me on this. 

Thanks",2023-11-12T02:31:31Z
9,@umer_c0des330,Can i use azure instead aws?,2023-11-11T22:11:56Z
10,@skarthik5459,"For those facing bad file permission error while connecting to instance, change file permission for the key, using chmod 400 filename on terminal",2023-11-06T00:16:39Z
11,@nadirhussain7103,"whenever I'm entering the command ""Airflow standalone"" it ends up with an error below. I have tried it in different instances of EC2 and Azure Vm as well and also tried pip install connexion but I always get same error . Can anyone will help me with this
  
File ""/usr/local/lib/python3.8/dist-packages/airflow/www/extensions/init_views.py"", line 27, in <module>
    from connexion.decorators.validation import RequestBodyValidator
ModuleNotFoundError: No module named 'connexion.decorators.validation'.",2023-11-04T12:21:46Z
12,@siddhisail7105,"This tutorial is nice and I was happy finally I could do end to end project. But I am struggling due to the following error, when I run airflow standalone, I get this error:

  File ""/usr/local/lib/python3.10/dist-packages/alembic/util/pyfiles.py"", line 93, in load_python_file
    module = load_module_py(module_id, path)
  File ""/usr/local/lib/python3.10/dist-packages/alembic/util/pyfiles.py"", line 109, in load_module_py
    spec.loader.exec_module(module)  # type: ignore
  File ""<frozen importlib._bootstrap_external>"", line 883, in exec_module
  File ""<frozen importlib._bootstrap>"", line 241, in _call_with_frames_removed
  File ""/usr/local/lib/python3.10/dist-packages/airflow/migrations/versions/0074_2_0_0_resource_based_permissions.py"", line 30, in <module>
    from airflow.www.app import cached_app
  File ""/usr/local/lib/python3.10/dist-packages/airflow/www/app.py"", line 50, in <module>
    from airflow.www.extensions.init_views import (
  File ""/usr/local/lib/python3.10/dist-packages/airflow/www/extensions/init_views.py"", line 27, in <module>
    from connexion.decorators.validation import RequestBodyValidator
ModuleNotFoundError: No module named 'connexion.decorators.validation'


Please help me. I followed all the steps as you mentioned in the video.
pip freeze o/p:
ubuntu@ip-172-31-37-119:~$ pip freeze
a2wsgi==1.8.0
aiobotocore==2.7.0
aiohttp==3.8.6
aioitertools==0.11.0
aiosignal==1.3.1
alembic==1.12.1
annotated-types==0.6.0
anyio==4.0.0
apache-airflow==2.7.2
apache-airflow-providers-common-sql==1.8.0
apache-airflow-providers-ftp==3.6.0
apache-airflow-providers-http==4.6.0
apache-airflow-providers-imap==3.4.0
apache-airflow-providers-sqlite==3.5.0
apispec==6.3.0
argcomplete==3.1.4
asgiref==3.7.2
async-timeout==4.0.3
attrs==23.1.0
Automat==20.2.0
awscli==1.29.77
Babel==2.8.0
backoff==2.2.1
bcrypt==3.2.0
blinker==1.4
botocore==1.31.77
cachelib==0.9.0
cattrs==23.1.2
certifi==2020.6.20
chardet==4.0.0
charset-normalizer==3.3.2
click==8.0.3
cloud-init==23.2.2
colorama==0.4.4
colorlog==4.8.0
command-not-found==0.3
configobj==5.0.6
ConfigUpdater==3.1.1
connexion==3.0.0
constantly==15.1.0
cron-descriptor==1.4.0
croniter==2.0.1
cryptography==3.4.8
dbus-python==1.2.18
Deprecated==1.2.14
dill==0.3.7
distro==1.7.0
distro-info==1.1+ubuntu0.1
dnspython==2.4.2
docutils==0.16
ec2-hibinit-agent==1.0.0
email-validator==1.3.1
exceptiongroup==1.1.3
Flask==2.2.5
Flask-AppBuilder==4.3.6
Flask-Babel==2.0.0
Flask-Caching==2.1.0
Flask-JWT-Extended==4.5.3
Flask-Limiter==3.5.0
Flask-Login==0.6.3
Flask-Session==0.5.0
Flask-SQLAlchemy==2.5.1
Flask-WTF==1.2.1
frozenlist==1.4.0
fsspec==2023.10.0
google-re2==1.1
googleapis-common-protos==1.61.0
graphviz==0.20.1
greenlet==3.0.1
grpcio==1.59.2
gunicorn==21.2.0
h11==0.14.0
hibagent==1.0.1
httpcore==0.18.0
httplib2==0.20.2
httpx==0.25.0
hyperlink==21.0.0
idna==3.3
importlib-metadata==6.8.0
importlib-resources==6.1.0
incremental==21.3.0
inflection==0.5.1
itsdangerous==2.1.2
jeepney==0.7.1
Jinja2==3.0.3
jmespath==1.0.1
jsonpatch==1.32
jsonpointer==2.0
jsonschema==4.19.2
jsonschema-specifications==2023.7.1
keyring==23.5.0
launchpadlib==1.10.16
lazr.restfulclient==0.14.4
lazr.uri==1.0.6
lazy-object-proxy==1.9.0
limits==3.6.0
linkify-it-py==2.0.2
lockfile==0.12.2
Mako==1.2.4
Markdown==3.5.1
markdown-it-py==3.0.0
MarkupSafe==2.1.3
marshmallow==3.20.1
marshmallow-oneofschema==3.0.1
marshmallow-sqlalchemy==0.26.1
mdit-py-plugins==0.4.0
mdurl==0.1.2
more-itertools==8.10.0
multidict==6.0.4
netifaces==0.11.0
numpy==1.26.1
oauthlib==3.2.0
opentelemetry-api==1.20.0
opentelemetry-exporter-otlp==1.20.0
opentelemetry-exporter-otlp-proto-common==1.20.0
opentelemetry-exporter-otlp-proto-grpc==1.20.0
opentelemetry-exporter-otlp-proto-http==1.20.0
opentelemetry-proto==1.20.0
opentelemetry-sdk==1.20.0
opentelemetry-semantic-conventions==0.41b0
ordered-set==4.1.0
packaging==23.2
pandas==2.1.2
pathspec==0.11.2
pendulum==2.1.2
pexpect==4.8.0
pluggy==1.3.0
prison==0.2.1
protobuf==4.25.0
psutil==5.9.6
ptyprocess==0.7.0
pyasn1==0.4.8
pyasn1-modules==0.2.1
pydantic==2.4.2
pydantic_core==2.10.1
Pygments==2.16.1
PyGObject==3.42.1
PyHamcrest==2.0.2
PyJWT==2.3.0
pyOpenSSL==21.0.0
pyparsing==2.4.7
pyrsistent==0.18.1
pyserial==3.5
python-apt==2.4.0+ubuntu2
python-daemon==3.0.1
python-dateutil==2.8.2
python-debian==0.1.43+ubuntu1.1
python-magic==0.4.24
python-multipart==0.0.6
python-nvd3==0.15.0
python-slugify==8.0.1
pytz==2022.1
pytzdata==2020.1
PyYAML==5.4.1
referencing==0.30.2
requests==2.31.0
requests-oauthlib==1.3.1
requests-toolbelt==1.0.0
rfc3339-validator==0.1.4
rich==13.6.0
rich-argparse==1.4.0
rpds-py==0.10.6
rsa==4.7.2
s3fs==2023.10.0
s3transfer==0.7.0
SecretStorage==3.3.1
service-identity==18.1.0
setproctitle==1.3.3
six==1.16.0
sniffio==1.3.0
sos==4.5.6
SQLAlchemy==1.4.50
SQLAlchemy-JSONField==1.0.1.post0
SQLAlchemy-Utils==0.41.1
sqlparse==0.4.4
ssh-import-id==5.11
starlette==0.31.1
systemd-python==234
tabulate==0.9.0
tenacity==8.2.3
termcolor==2.3.0
text-unidecode==1.3
tweepy==4.14.0
Twisted==22.1.0
typing_extensions==4.8.0
tzdata==2023.3
ubuntu-advantage-tools==8001
uc-micro-py==1.0.2
ufw==0.36.1
unattended-upgrades==0.1
unicodecsv==0.14.1
urllib3==1.26.5
wadllib==1.3.6
Werkzeug==3.0.1
wrapt==1.15.0
WTForms==3.1.1
yarl==1.9.2
zipp==1.0.0
zope.interface==5.4.0",2023-11-03T04:05:17Z
13,@user-zh9lh4hw1f,"excellent, thanks for the content",2023-11-01T12:27:03Z
14,@ikelocc100,I‚Äôve been trying to go from software dev to data engineering . Idk if it‚Äôs projects I need or not touching enough tools on the job. As well as certs,2023-10-22T11:52:00Z
15,@felixtitus8947,"already follow ur tutorial but in the end i keep getting this error when i try to run DAG from airflow ""PermissionError: No AWSAccessKey was presented."" can u please tell me how to fix this. thx !!",2023-10-21T14:36:16Z
16,@anandahs6078,"Wish i found you earlier. i am learning a lot from you üôÇ, recommended your channel to all my colleagues that are in data field",2023-10-15T22:53:26Z
17,@adrielsalguero7596,"Hello!

I followed all the steps to create my EC2 instance but I am still facing issues. After reviewing several videos, I don't know what is happening. I have all ports allowed and I have checked my VPC and SUNETTS, everything seems fine. I installed AIRFLOW on a t2.micro instance (free tier), but when I try to access the DNS or public IPv4 address, I get ""My IP address took too long to respond.""

Can someone help me?",2023-10-15T17:32:47Z
18,@muskanraisinghani5426,"Hi, is it still possible to create this project with free API access?",2023-10-15T04:51:09Z
19,@Vilayat_Khan,"the api is broken, the whole  twitter api is convoluted  mess!!!!!!!!!!! so much time wasted on this bs. twitter api has 2 versions: 1.1 and v2. each version has its own limitations, by-default behavior etc. be careful.

you cant get your own tweets under free tier",2023-10-11T01:17:21Z
20,@moeketsekuenane324,"Darshil is just amazing üòä . Good content! 

Ah Whatever is happening to the twitter API doesn‚Äôt really matter üòÇ",2023-10-09T14:04:26Z
21,@rohithatwar4626,Brother we want a full tutorial playlist on data engieering course please make it.....,2023-10-07T17:32:10Z
22,@user-th5ru9hw7n,"access_key = ""2YgYzTpTi0RFyRcsLrV3RNHos""
    access_secret = ""vuw9fnWrzWYJPW1kVEo2FS7KcTu5jmW90DkO6ImGsBBZ3"" 
    consumer_key = ""902460306793709568-WGgN1ClUClT7EHHJEncuHsQmopdwSR1"" 
    consumer_secret = ""LxEynM4eZ9Au6LDdTnOUq02ZMkhZtrV9Dmsj0H1GoC5LIZAdOE""

trying this from 3 days not working can u please help in this im beginner",2023-10-07T15:10:55Z
23,@user-th5ru9hw7n,How to use airflow bhai??,2023-10-07T12:17:59Z
24,@mohamedidrissighalmi,Who else is sad cuz Twitter's API is no longer free?,2023-10-03T13:57:37Z
25,@pallybhargavareddy4001,"@DarshilParmar if the data is flowing continuously into S3 , the new added data will be appended to existing file or table or it creates a new file?",2023-10-01T13:28:26Z
26,@bilalhassankhan221,This is what exactly whay I'm looking for! Thanks brother.,2023-10-01T03:37:17Z
27,@may_win,"good video, very detailed",2023-09-26T11:14:42Z
28,@chandrakantsingh9568,"Thanks for creating this project, with the help of this i schedule my data extraction task ,currently i am using  solcast API  to fetch weather data .",2023-09-25T18:22:28Z
29,@mohsinrajpoot3780,can we install airflow locally instead of ec2? and we installed it on ec2,2023-09-23T18:28:56Z
30,@mohsinrajpoot3780,great work you helping lot of people.,2023-09-23T18:16:35Z
31,@mohamedte3ima989,You missed the part when you actually create DAG task in airflow at the end of you video,2023-09-22T22:30:07Z
32,@mrcrblr850,"Amazing Video Darshil, i really appreciate your video, you are a great professor!! Thank you very much keep doing this great content!!",2023-09-19T21:47:21Z
33,@user-xp5ce7nk5s,"Thanks for this content, i couldnt use the api as you mentioned for elon musküò¢but instead used beautifulsoup and selenium to get data from imdb, aws and airflow content isüéâ

Also going through your data warehouse course, just amazing",2023-09-14T23:14:14Z
34,@trantuyetminh144,"when im running airflow standalone, it seem like running but i cant see the username and password, and of course I cant connect to PUBLIC IPV4 DNS, please help me, I cant find solution anywhere",2023-09-13T15:08:30Z
35,@rohitpant6473,"Hi darshil, May I know that were we going with the t3 medium in the EC2 instance setup?",2023-09-10T15:47:06Z
36,@yhsreddy,"Awesome demonstration, truly appreciated l, waiting to see lot more soon",2023-09-06T06:00:03Z
37,@vuruputuripraneeth4591,"Hi Darshil, was trying to implement the same project but unfortunately. I was prompted with a forbidden request. can you explain to me what the reason might be??",2023-09-05T18:58:36Z
38,@shailendrapratapsingh4967,"what the fuck has twitter done to its API???? I cant do anything. Tried v1.1 and v2 api..only facing errors since last 7 hours :(
edit: well after doing some research i finally got to know that twitter is no longer providing free api. ALAS! onto the next project i guess :(((",2023-09-05T13:49:56Z
39,@thanushramesh2329,"I feel like in 12:29 the access_key is your API key , and consumer key is your Access key isnt it?",2023-09-04T23:24:30Z
40,@rhard007,Great tutorial Darshil.  FYI: I was able to buy a course on your website today. I kept getting an error message when selecting the courses.,2023-09-04T04:48:43Z
41,@user-xw9vh2qf2z,Could you pls create an airflow project using GCP?,2023-08-30T09:50:53Z
42,@ravulapallivenkatagurnadha9605,Great videos do more videos,2023-08-27T18:20:21Z
43,@shaquibkhan1609,can i do the same project in 1 notebook ?,2023-08-24T14:45:47Z
44,@hardikprajapati8389,"Will this work with ""X"" ?",2023-08-21T18:34:18Z
45,@AakarshanJha,"I am getting an error - Forbidden: 403 Forbidden 453 - You currently have access to a subset of Twitter API v2 endpoints and limited v1.1 endpoints (e.g. media post, oauth) only. If you need access to this endpoint, you may need a different access level.",2023-08-19T05:17:34Z
46,@saliyukbenjamin1124,"getting the below error can any one help:                                                                                                                                                                                                                                                                                             File ""C:\Users\Saliybe\AppData\Local\Programs\Python\Python311\Lib\site-packages\tweepy\api.py"", line 46, in wrapper       
    return method(*args, **kwargs)
           ^^^^^^^^^^^^^^^^^^^^^^^
  File ""C:\Users\Saliybe\AppData\Local\Programs\Python\Python311\Lib\site-packages\tweepy\api.py"", line 414, in user_timeline
    return self.request(
           ^^^^^^^^^^^^^
  File ""C:\Users\Saliybe\AppData\Local\Programs\Python\Python311\Lib\site-packages\tweepy\api.py"", line 271, in request
    raise Forbidden(resp)
tweepy.errors.Forbidden: 403 Forbidden
453 - You currently have access to a subset of Twitter API v2 endpoints and limited v1.1 endpoints (e.g. media post, oauth) only. If you need access to this endpoint, you may need a different access level. You can learn more here: https://developer.twitter.com/en/portal/product",2023-08-13T23:06:27Z
47,@nishas3527,"Thank you so much for the amazing content Darshil. I completed this project with a few changes made to the etl since querying the tweets from the API is not free anymore. Wrote an article also on it. Hope you read it when you have some time ! 
https://medium.com/@nishasreedharan/data-engineering-twitter-x-airflow-data-pipeline-project-25b76ddfbc1a",2023-08-13T15:40:54Z
48,@akashmahapatra,"There needs to be an update on this specific project because as per twitter no longer provides api with  ""elevated"" access to read tweets, likes, comments etc . need an update with current api norms.",2023-08-05T10:28:37Z
49,@soumyosanjitmohapatra6552,not able to access it in the free version,2023-08-04T12:33:56Z
50,@ayhancagan2970,"hello,  tweepy.errors.Forbidden: 403 Forbidden
453 - You currently have access to a subset of Twitter API v2 endpoints and limited v1.1 endpoints (e.g. media post, oauth) only. If you need access to this endpoint, you may need a different access level.  why do you think i am getting this error thanks in advance??",2023-08-03T19:00:07Z
51,@SumitSingh-ps9gu,hey now i'm not able to get these keys from twitter,2023-08-03T07:03:26Z
52,@BhanuKumar-xz3fr,Hey @Darshil Not able to see my task inside my dag,2023-07-31T13:36:09Z
53,@fabsync,fantastic video! It will be great to see how to integrate hugginface (gpt4all) with spark and airflow.. there is nothing out there yet...most people are using duckdb but for big projects spark is king.. I would buy a course on that if you decide to create one..,2023-07-30T09:37:27Z
54,@avshekraj,Amazing...got to know something intresting. Thanks for the detail explanation.,2023-07-29T12:21:37Z
55,@prajwalawasthi1053,"Looking now at the API erros and now tweet history which cant be now extracted Is this project ruined for beginners like us ?
Which next project can we move unto which isnt ruined and is okay for beginners?",2023-07-29T07:42:57Z
56,@jiitstudents8248,"hi
 I am facing an error while starting airflow standalone, it stops in the middle. any suggestions??",2023-07-19T13:14:32Z
57,@SlicerJi,Can i do it with pyspark on python and rest things is same,2023-07-19T11:35:12Z
58,@sonalsingh7040,good work ‚ù§,2023-07-16T20:55:35Z
59,@gaganaulakh41,"Looks like we can only use V2 free basic version of tweepy using client but even after I use it, it still gives me error 403 forbidden. people are saying we can request for elevated access but there is no option of it.",2023-07-14T09:40:18Z
60,@sumitavapl,"Hi @darshil , 
i am getting this error tweepy.errors.Forbidden: 403 Forbidden
453 - You currently have access to a subset of Twitter API v2 endpoints and limited v1.1 endpoints (e.g. media post, oauth) only. If you need access to this endpoint, you may need a different access level, can you please help",2023-07-09T12:54:54Z
61,@sohailhosseini2266,Thanks for the video!,2023-07-09T07:17:35Z
62,@namvu607,"Super practical, valuable tutorial. Thank you for sharing, sir.",2023-07-07T03:07:25Z
63,@ashishveer4591,Perfect Explanation  .. keep it up .. thank you üôå,2023-07-04T17:21:49Z
64,@cheedellagupta1459,Very clean and understandable üéâ,2023-07-03T22:14:40Z
65,@xXWillyxWonkaXx,"Darshil, thank you brother for the video. Very informative. I have a very curious question. So this tutorial is for Beginners. What are the components that will take for example the same project you created to an intermediary level and then an advance level? I would to hear your pov.",2023-06-28T20:49:15Z
66,@jeeteshkumartiwari7389,"Great tutorial, appreciate it, keep up the good work brother. :)",2023-06-26T08:43:26Z
67,@prajeetkatari3742,Hi im repeatedly getting the 401 anauthoriuzed error although I've regenerated the credentials so many times,2023-06-25T05:43:46Z
68,@shivsuthar2291,Can we do this using MWAA?,2023-06-22T05:03:27Z
69,@minsau2,"Hello! I was trying to follow this project but unfortunatly the new free tier twitter api has a lot of restrictions And when I tried to retrive our friend elon twits I always get a forbidden error, as result I was wondering if there is another api that we can use to get the first part done

Thank you!",2023-06-20T16:56:57Z
70,@sathyajain1252,"Hi, when i am trying tto print the tweets the code is giving me this error can you help me 
error:tweepy.errors.Unauthorized: 401 Unauthorized
89 - Invalid or expired token.   even thought i regenerated my tokens then also it is showing me the same error and yes i used same code as yours....kindly help",2023-06-18T19:16:42Z
71,@maheshbhatm9998,great video. Thank you,2023-06-17T15:25:11Z
72,@animesh5454,"Hi darshil, thanks for such nice content and project. However Twitter API is not free as of now, can you suggest any alternative for that. Thanks!",2023-06-17T09:10:21Z
73,@jsat8378,before starting this you should know that the twitter API is no longer free on this endpoints,2023-06-16T11:16:27Z
74,@ini_affiah,Thank you for the video. It was helpful.,2023-06-15T15:50:26Z
75,@MRP-em2fz,Unfortunately it seems twitter does not allow these for free anymore. anyone tried recently ?,2023-06-15T15:38:31Z
76,@bharathsankaranarayanan,Did something change with the API? I get a 403 forbidden error when I try to run the tweepy.user_timeline function.,2023-06-11T19:46:54Z
77,@Vinitesa,"It would be possible to put all of these sudo commands into the User Data, so it runs when the Instance is started?",2023-06-10T05:16:40Z
78,@TvsCar30,"i had an issue Forbidden: 403 Forbidden
453 - You currently have access to a subset of Twitter API v2 endpoints and limited v1.1 endpoints (e.g. media post, oauth) only. If you need access to this endpoint, you may need a different access level. You can learn more here: when I tried to print(tweets) at 14:27 of this video 
I used a free account, so I just had 1 environment, do you know if this is the reason for the error? thanks",2023-06-07T09:19:52Z
79,@jayantbishnoi9617,the api wouldn't let me request data by this code and many other codes it gives me an error 453 telling me I need to upgrade to v2.0 but I have a project created already and am authorized to request user timelines idk what is happening,2023-06-06T14:05:21Z
80,@anuradha6892,üëåüëç,2023-06-05T10:19:24Z
81,@user-gm1ux4oz9k,"Since twitter API access is limited now, it would be helpful if you could simply provide us the dataset you extracted. Thanks!",2023-05-30T19:40:52Z
82,@mostHumblePersonAlive,I think Twitter shut down their free public API üò≠üò≠üò≠,2023-05-28T02:21:14Z
83,@channuangadi7504,Very crystal clear üîÆ explanation üéâ,2023-05-27T17:24:41Z
84,@Cosmos1987,"Now with the arrival of ChatGPT, even though one can generate CODE without analyzing all these, it is always better to understand the logic, nuance and intricacies of CODING.  This vid helps a lot in deconstructing this step-by-step.üëå",2023-05-25T06:00:58Z
85,@gimmestonks5333,Thanks for teaching basics of air flow and Dags..,2023-05-23T15:20:37Z
86,@danielbishop5427,"Anyone else getting a ""Broken DA:  [/usr/local/airflow/dags/etl_dag.py] No module named 'airflow.operators.python' error?",2023-05-22T23:30:27Z
87,@faramarzzrn,"one of the best tutorials I've ever seen on Youtube, a real-world example that was really interesting",2023-05-20T13:50:55Z
88,@shubne,"Hey Can you please help me this error.. 
453 - You currently have access to Twitter API v2 endpoints and limited v1.1 endpoints only. If you need access to this endpoint, you may need a different access level.",2023-05-20T08:24:19Z
89,@AjaySharma-jv6qn,thanks for sharing info - A step by step guide,2023-05-20T03:14:13Z
90,@MeetMalli,"Thank you so much for making such a helpful video. you explained it very well. This is very helpful for beginners like me. 
will you please guide on how to install Airflow & Docker on windows system ?",2023-05-19T19:14:47Z
91,@oliverthomaschewski120,Twitter API not free anymore..bummer,2023-05-19T12:11:20Z
92,@linhtuan8603,"Hi, the video is really cool, 15:44 i made a mistake like this""tweepy.errors.Unauthorized: 401 Unauthorized
89 - Invalid or expired token."", can someone help me",2023-05-17T11:03:30Z
93,@plainanalytics8514,"Great videos, Darshil! Also a side note, I often watch YouTube videos at 1.5. Yours feel faster even at a normal pace. :)",2023-05-15T03:13:39Z
94,@heythere7528,"Now this is some real world step , rather than ""intro to numpy and pands""",2023-05-12T19:09:32Z
95,@shubairabbas5480,"Hi Darshil, I am not able to get free API from Twitter. I read an article where he says that Twitter stops giving free API, is it true? because they are charging for API. Can you please confirm Darshil? Anyone facing this issue",2023-05-11T11:58:50Z
96,@fawaz8850,"Hi
There is no option of 'Elevated access' as of now. There is only Free, Basic and Enterprise. Basic is paid and Enterpirse is for a company. Is there any workaround this?",2023-05-10T03:30:17Z
97,@shubairabbas5480,"Hi darshil you are doing a great job,have to request you to create some projects around Databricks and synapse in Azure. We all are waiting with desperation. Likewise AWS,Azure is also hitting popularity and companies ask more for Azure Data Engineers. I know you are very busy creating other playlists. But it's a humble request to create only 2-3 Data pipeline projects in Azure. Those who wants #Azure#Data Engineering. Please hit like so it came at top and Darshil got to know.
Super excited for that seriesüåü‚≠ê",2023-05-09T18:35:15Z
98,@souhailf1796,"in 12:02 where can I get the access_key, access_secret, consumer_key and consumer_secret ?",2023-05-09T16:08:24Z
99,@suniteejundre8886,"Error: Apply for elevated access via the developer portal.
Is Twitter now charging the users for elevating their API access level?",2023-05-08T18:40:09Z
100,@delelinus2129,"I  find it worthy to join a youtube channel membership for the first time. I hope with smart and harwork from myself and your help, I am able to land a Data Engineering job soon.",2023-05-05T16:45:32Z
101,@apoorvpandkar,Real content is finally here ‚ù§ Loved the tutorial.,2023-05-04T14:42:16Z
102,@ajaydhungel7883,Wanted to try this but Twitter seems to have shut down free access to their APIs. Top Content though!,2023-05-04T03:36:42Z
103,@phuocvuhoang3606,"anyone got stuck in step accessing to airflow, I follow Darshil steps but still got stck",2023-05-01T20:13:26Z
104,@user-yd6bq3kr3g,Mentor of many data engineer ‚ù§,2023-04-30T19:43:29Z
105,@jayantsande,"Nice work , Keep it up ! Try to code & run real-time business usecases to make it more interested for learners.",2023-04-30T11:30:06Z
106,@reypaulobae4895,"Thank you so much! I encountered some issues along the way, but was able to resolve them!",2023-04-27T08:22:37Z
107,@PinkuKumar-ro8bw,Thank you so much,2023-04-23T05:47:39Z
108,@subashkonar13,Cant we copy the python scripts directly to folders in AWS intance?,2023-04-18T09:40:16Z
109,@cellentmaya1533,Thanks for this great hands on Project. Can you try doing the same in GCP or Azure? Thanks,2023-04-18T08:02:11Z
110,@realsrvbhtngr,"great content
Thanks Darshil bhai, very cool",2023-04-12T17:09:38Z
111,@realsrvbhtngr,"This project is now impossible to implement for gareeb, berozgar people like me :)
Thank you Elon",2023-04-12T17:08:34Z
112,@nafeesraza1970,Very Nice Brother,2023-04-12T12:10:17Z
113,@sandipansarkar9211,finished watching,2023-04-09T18:23:21Z
114,@KK-rh6cd,Very informative and practical video. Thank you for making a video üòä. Waiting for advanced level video on airflow.,2023-04-09T10:50:16Z
115,@pradeepdhanola1327,You are best bhai ‚ù§Ô∏è,2023-04-09T03:36:26Z
116,@sandipansarkar9211,instead of visual code can we write the python code on google collab as I am more used to it.Please advise,2023-04-08T21:46:08Z
117,@karunakaranr2473,Thank you for your time and effort to make these videos. Really helpful.,2023-04-08T21:13:19Z
118,@dnyaneshwarshelke7425,"im practising this code in jupyter Notebook ,while executing this i got a error : Forbidden: 403 Forbidden
453 - You currently have Essential access which includes access to Twitter API v2 endpoints only. If you need access to this endpoint, you‚Äôll need to apply for Elevated access via the Developer Portal.
Can you plz guide me about how to solve this?",2023-04-08T01:30:28Z
119,@pankajsuryavanshi8332,Please Make more videos on apache airflow Dag,2023-04-06T04:06:57Z
120,@secretguy7795,"I created the instance but  not able to connect to 8080 port.
Did everything mentioned in the video",2023-04-02T13:29:42Z
121,@_strollingaroundtheworld_,Appreciate the content. Cleared the basics by watching it.,2023-04-01T21:24:51Z
122,@deeputiwari1415,I tried to get the access of twitter Api but unfortunately I didn't get the access of developer portal. Can anyone help me. if some one also facing the same issue also drop the comment below,2023-03-30T16:21:51Z
123,@shreyagrawal3806,thank you very muchüòÄ,2023-03-30T10:08:35Z
124,@manuprakash1989,"Great! Got broader understanding of api, airflow and aws. Thank you!",2023-03-29T10:46:55Z
125,@Duniya_Daari,I watch u everyday ‚ú® and working on my skills to became a Data engineer üôÇ,2023-03-22T11:20:57Z
126,@toannn6674,how to display twitter api dashboard? Please help me.,2023-03-22T10:01:50Z
127,@shahriarentertainer4749,This is so impessive. Keep up your good work. I wish for a true success in your life,2023-03-22T05:57:49Z
128,@eshwarsai5027,"+1 subscriber
excellent....",2023-03-04T12:16:15Z
129,@aishmash5325,Thank you so much üòá‚ù§,2023-03-03T14:05:01Z
130,@way2prosperity,"I got this error when i tried to upload the file to s3..
An error occurred (AccessDenied) when calling the PutObject operation: No AWSAccessKey was presented
Can anyone direct me?",2023-02-28T10:20:45Z
131,@amarsk-ce9zj,Are the developer portal rules changed in twitter? Because I found out that my application is pending and they will let me know the update,2023-02-22T18:36:06Z
132,@ahsanehtesham,"Important thing to note:
Apache Airflow requires min. 4GB of memory hence free trial EC2 instance won't work.",2023-02-15T11:41:55Z
133,@wonderswonders8772,"Well done.... I'm finding it difficult to get twitter api, pls assist",2023-02-11T23:26:50Z
134,@mauludinrohman6177,"thank you sir, But can you do a tutorial to change from sequential executor to celery executor ?",2023-02-04T15:00:37Z
135,@vinodgujja4268,Recent changes to twitter API i think .... Apply for elevated Access if you run into issues. By the way Great content Darshil,2023-01-29T05:53:28Z
136,@africarising360,Your video was really helpful. Thank you very much,2023-01-27T20:44:35Z
137,@jamesosewe7296,"@Darshil Parmar I do get lost where you switch screens between Visual Studio and the other one. Also, I am doing this on Colab Notebook, how can I view the data in a Platform like yours. I have written the code always the way to the first half where we can see Elon Musk Tweets, but on my end I can't find the tweets even though the code is correct and running",2023-01-26T22:09:00Z
138,@healthyhome-padhu3105,Thanks for this good content,2023-01-22T02:34:35Z
139,@JIMMYatYOUTooB,"I am getting tweepy.errors.Unauthorized: 401 Unauthorized
I have already tried new tokens and resetting system clock.",2023-01-20T09:33:39Z
140,@jhoanmartinezsilva2609,PLaylist of beginners projects like this? I have to do the same but instead twitter I have a postgresq database,2023-01-18T19:21:16Z
141,@rishabhkaushik2468,Can't access twitter developer account due to its service operator not working :(,2023-01-18T15:19:10Z
142,@FRUXT,"So what should we do if not allow all trafic to make it work ? Because you said it is a bad practice, but not what was the good practice ^^",2023-01-18T14:25:54Z
143,@alex45688,"there are lot of errors when executing this project , really badly stuck",2023-01-18T03:26:14Z
144,@avanishyadav3705,how from airflow import dag is not showing error on vs code ???,2023-01-17T08:42:26Z
145,@shaikusman536,Awsome brother...Loved the way to teach...Hoping for detailed projects.....thanks a ton brother.....,2023-01-17T07:15:01Z
146,@siddhantkhanna9053,clear and concise content!! Great!,2023-01-17T05:36:24Z
147,@owennowakowski7558,"This was a very helpful video for me. I have spent the last year learning web development, and I am expanding my skills to include ETL. This video gave me a great overview of the process.",2023-01-17T00:38:26Z
148,@denisebby1895,"For those having issues with Tweepy and Twitter api versions, try the following code:

client = tweepy.Client(bearer_token=bearer_token)
username = # your chosen account to get tweets for
account = client.get_user(username=username)
tweets = client.get_users_tweets(id = account.data.id,  max_results = 100, exclude = ""retweets,replies"")",2023-01-16T23:53:28Z
149,@quocnguyeninh32,"Although I do exactly the same as the video, I'm still unable to connect to the airflow webserver at port 8080 which is deployed in the EC2 instance. Anyone meets the same thing? Can you show me what to do :<",2023-01-13T20:53:47Z
150,@pythonmathui3057,"thanks for the explanation darshil! but it still hard for me to understand all of this, espescialy the AWS related part, i understamd the python code but still not easy to understand the aws cloud",2023-01-07T10:21:06Z
151,@studioTIMI,"When I use the airflow standalone command in the terminal, the link from the Public IPv4 DNS can't be reached. I get the following errors in the console ERROR - Triggerer's async thread was blocked for 0.60 seconds.  ERROR - No response from gunicorn master within 120 second.ERROR - Shutting down webserver. 
What is this caused by and how to fix it? I am doing everything according to the video",2023-01-06T22:16:06Z
152,@lilbean_eth,for the security group if add a custom TCP rule do we just have to open port 8080 to our local ip address?,2023-01-06T04:02:13Z
153,@u-shah,With user-timeline deprecated it would make sense to update the video with V2 ApI,2023-01-04T18:20:57Z
154,@kareemrasheedbabatunde9026,I ran airflow standalone but couldnt get admin username and password,2023-01-02T04:38:33Z
155,@lylabata6813,I have been following u for a long time now I don't even look at others videos......u r just great ....keep up the great work,2022-12-30T20:57:56Z
156,@carti8778,Disclaimer : *airflow doesn't work with t2.micro*,2022-12-28T18:39:34Z
157,@hienhoangtrong5865,i love it <3,2022-12-26T15:42:10Z
158,@simu6315,there is some issue while downloading apache airflow .It shows error .Anyone who came across it and resolved respond plz,2022-12-24T15:31:58Z
159,@mehmetkaya4330,Thank you for another great tutorial!!,2022-12-21T04:57:44Z
160,@aaravkumarsingh4018,U can chekout  this channel for sql interview question and data engineering things https://youtube.com/playlist?list=PLkQcti0Ydt9gTjJ24M3otaUUJLWogeeI2,2022-12-16T19:56:07Z
161,@Anish61097,I am not able to generate Access key. Can I use your access keys?,2022-12-15T11:15:32Z
162,@hemasaimanikantahemasaiman4014,"I started doing this project,  but unable to start airflow using command ""airflow standalone""",2022-12-15T07:36:36Z
163,@ABDA-zk5sm,"Thank you for the great content!
I just have a question. I'm trying to run Airflow locally on my machine by using Ubuntu to extract tweets from Twitter with Twint library and load it to BigQuery. However, when I copied the dag scripts and the ETL scripts to Airflow folders in Ubuntu and try to load the dag it seems like it fails because Airflow doesn't have access to packages and modules installed locally (e.g. Twint). What do you recommend in this case?",2022-12-13T14:09:10Z
164,@kanui3618,"Hi darshil, 
I have followed your tutorial but I face this error ""An error occurred (AccessDenied) when calling the PutObject operation: No AWSAccessKey was presented."". I have google it and try some solutions but they all don't work. what should I do? can you help me?",2022-12-12T09:01:24Z
165,@mirirshadali33,As usual very nice content and appreciate your effort. If you could make a video with OOPs approach and include some test cases that will be really great.,2022-12-10T17:28:27Z
166,@sujeetnair1748,i m elder than u.. but u r an inspiration bro... i m new to data engineering..,2022-12-05T15:30:46Z
167,@ANKITKUMAR-nv8ur,In data engineering community you are the GEM. Thanks from the bottom of my heart Darshil. Keep growing keep inspiring.,2022-12-04T19:29:47Z
168,@manisha4130,Very informativeüëç,2022-12-04T07:03:16Z
169,@kanui3618,"this is awsome !
can't wait for the next data engineering projects, darshilüî•
greetings from indonesia",2022-11-28T16:18:17Z
170,@mohammedasif4349,"Hi
When I'm calling my python script in DAG code it's throwing import error. I'm not sure why, can anyone help here?",2022-11-27T10:09:09Z
171,@swapnilpatil8592,can we add this project in resume  for 1 year of experience person in python and sql but not in data engineering,2022-11-26T13:04:24Z
172,@kunalberry5776,"thanks, very helpful video",2022-11-26T10:45:18Z
173,@duytran6178,how to share this project to github or sth please,2022-11-23T19:45:37Z
174,@gabrielfds3461,"Darshil, amazing! I do not have words to say thank yoU!",2022-11-23T19:35:41Z
175,@kirankv1956,"Really love the content darshil.
Very precise explanation.",2022-11-22T18:41:09Z
176,@marchanselthomas,enjoyed the process! took me more than 12 hours to do this lol with all the trouble shooting and error fixing!,2022-11-20T00:25:32Z
177,@ash3rr,Have you ever used Argo in place of Airflow?,2022-11-19T12:05:59Z
178,@rajivjani8594,Awesome! Thanks for sharing it!,2022-11-18T21:37:01Z
179,@Assassinscreed_in,"I am getting this error 

You currently have Essential access which includes access to Twitter API v2 endpoints only. If you need access to this endpoint, you‚Äôll need to apply for Elevated access via the Developer Portal.


any solution?",2022-11-18T14:57:40Z
180,@gopi10aug,I really appreciate the effort and simplicity..! I was looking for actual content like this ... Thank you Darshil üòá,2022-11-15T07:13:34Z
181,@lakshaychopra,God bless you man,2022-11-15T04:47:25Z
182,@thisisrohan,Any particular reason of using an EC2 instance? Can we just run Airflow on our local machine?,2022-11-10T01:17:02Z
183,@shubhampatil-xx5qq,Sir one request can you please made end to end project using airflow like you tube data analysis,2022-11-08T18:48:56Z
184,@shubhampatil-xx5qq,Thank you soo much darshil sir‚ù§,2022-11-08T18:47:17Z
185,@aaosoto,Keep up the good work! Your project is the best. Greetings from Chile üòÅ,2022-11-08T00:48:06Z
186,@AmitSharma-mv5xe,precise and clear content. Amazing,2022-11-03T22:10:55Z
187,@rahulkakade1579,"Thanks for sharing  dude ...
I was trying to do the same thing that you did but is show me the error :you currently have essential  access for v2 but for this end point  you will have apply for elevated access vai devloper portal  could you please  help",2022-11-03T06:07:16Z
188,@jashanbansal2613,Great Video Darshil. Keep up the Good Work :),2022-11-03T04:37:12Z
189,@harikakalugotla1123,"I came here seeing your LinkedIn post with comments,Being a fresher I was struggling for a project. This is Absolutely what I was looking for. Just Awsome. Thank you so much for your time and efforts.",2022-11-02T16:13:13Z
190,@dharmendragurjar5386,"i am facing one issue, when running ""airflow standlone"" command on ec2 , my airflow server is stuck on ""Triggerer""",2022-11-01T09:51:49Z
191,@simu6315,can i add this in my resume?,2022-10-24T08:41:42Z
192,@ogissgi7441,Thank you! thank you! thank you!,2022-10-19T16:31:08Z
193,@paulshobhik,"Getting the following error while trying to run the ssh  example command on my terminal - Load key ""keyname.pem"": Operation not permitted
getting "" Permission denied (publickey)."" as well. I have changed the directory to the folder where my key is stored still no able to. I followed every step carefully. Anybody could help?",2022-10-19T15:40:29Z
194,@paulshobhik,for EC2 we need to pay AWS ? becasue during registration they are asking me card details. Is it okay?,2022-10-18T08:25:13Z
195,@paulshobhik,"for tweet in tweets:
text = tweet._json[""full_text""]

why this? what does the ""full_text"" signify?",2022-10-18T08:14:44Z
196,@theamithsingh,"Hi Darshal, good stuff, you should make a video for dbt i'm trying forever to connect it to bigquery and learn how to use things.",2022-10-11T19:47:31Z
197,@imransadiq5851,Thank you so much for great content. i want to ask if i neend more columns from json data how can i know what are the keys and their associated values in json and under which key of json. How can i refine it. Thank you,2022-10-11T13:03:53Z
198,@praveentoppo5339,t2 micro instance (free tier) is not working most probably because it has only 1 cpu.,2022-10-10T17:21:26Z
199,@iamdare,Good job mate. I thoroughly enjoy the video. Thank you.,2022-10-06T20:48:57Z
200,@barutistudio1397,Thanks for this content,2022-10-05T20:59:34Z
201,@keyursolanki,is that the same way we can store the csv file to gcp cloud storage?,2022-10-05T17:26:29Z
202,@kanduladivya5804,This video is worth more than paid content on many websites.Thanks for such content.,2022-10-03T02:15:46Z
203,@jaydudhatra7129,I d–æwnloaded everything is okay,2022-10-02T07:38:26Z
204,@commenterdek3241,You need to elevate your API Access from essential to elevated,2022-10-02T06:48:59Z
205,@shoaibshaikh9701,"Please keep on bringing content like this it will be really helpful for freshers who want to understand, gain knowledge and shape their career in Data engineeringüôè.",2022-09-30T19:18:43Z
206,@rizbasamalah5326,"thank you very much for this content sir, please help me

I have got ""ERROR - Triggerer's async thread was blocked for ... seconds, likely by a badly-written trigger. Set PYTHONASYNCIODEBUG=1 to get more information on overrunning coroutines."" while running airflow standalone",2022-09-30T09:52:58Z
207,@tassamoo,"Thanks sir, I learn a lot following this project guide. I understand more about how to use tweepy, AWS services and airflow by following this tutorial. I hope you always have a nice day.",2022-09-29T07:47:43Z
208,@nazilnoorani4066,"great video however you say ""particular"" way too many times....kind of gets annoying",2022-09-29T00:14:41Z
209,@harshalrana1336,This is really Amazing Darshil. I would also like to see Architecture level videos and how all tools all integrated into the cluster.,2022-09-28T14:02:18Z
210,@awscloud1460,I'm not getting output when executing the python script,2022-09-27T14:48:56Z
211,@pearlr.2411,Darshillllllll this is Gold. I literally love you rn üò≠,2022-09-26T07:28:31Z
212,@hrsh3329,Thanks for sharing this,2022-09-25T20:23:02Z
213,@Ravi-gu5ww,"Here airflow is running on single instance, if load increase it may fail right !. And do we have any tool like Azure Adf?",2022-09-25T17:48:21Z
214,@lokeswarnaidu2398,Please do a complete project based on  streaming data and transform the data using spark and orchestrate it using airflow and then store it cloud or any database.,2022-09-25T16:31:27Z
215,@farhankhan-wn9zo,BHAI ZRA HINDI ME VIDEO BANAYA KARO,2022-09-25T13:46:42Z
216,@chihebmhamdi459,"Hi I've sent to u a message , plz read it !",2022-09-25T12:30:02Z
217,@rishavsingh7723,can't connect to airflow. After writing airflow standalone it doesn't show password,2022-09-25T11:27:30Z
218,@dharmendragurjar5386,"Hey Darshil, Brother i am an experienced professional working with ETL(so i have good understanding on SQL and RDBMS) since 8 years, I have learned myself python & Tableau and also i have done 5-6 projects on Data-Analysis but i am still not very sure if i should look to switch my career to Data-Analyst or to an Data Engineer. 
After watching your old videos now i feel that i can more relate with Data Engineer than a Data Analyst according to my skill-set.
Any suggestions Brother ?",2022-09-25T11:18:21Z
219,@RajeshKumar-of8bz,For more on Azure DevOps: https://www.youtube.com/channel/UCIHRqMTGXSdVw0CCYyFH1Hg,2022-09-25T10:58:43Z
220,@midhileshmomidi3120,This is gold,2022-09-23T15:15:57Z
221,@marionagi2914,amazing as usual,2022-09-23T12:26:36Z
222,@anwarzeb9147,Bang you earn my subscription with bell icon,2022-09-23T08:39:11Z
223,@gomes8335,Excellent job Darshil.,2022-09-23T04:14:04Z
224,@raimanisha5197,"Hi Darshil, Thank you for this .It was a great learning experience and it was fun too !  üòõ.I am eagerly waiting for more such videos on airflow",2022-09-22T16:25:36Z
225,@siddheshkalgaonkar2752,"Instead of forcing the airflow webserver to stop, you can just try resetting DB in a different terminal and it will work too.",2022-09-22T14:11:24Z
226,@harshgautam616,"453 - You currently have Essential access which includes access to Twitter API v2 endpoints only. 

I am  getting this error while trying to fetch tweets from api",2022-09-22T14:06:18Z
227,@aoffyclub,thank you for this project,2022-09-22T11:54:43Z
228,@eternal2187,"You always continue to be great asset in data engineering content, thanks again!",2022-09-22T08:07:16Z
229,@abegpatel5300,Thank youüëç for the awesome content We want more data engineering real world end to end project with real time streaming to deal with real world problem and situation.,2022-09-22T05:32:02Z
230,@syedmohammadbilal4570,How to create access keys??,2022-09-21T20:16:36Z
231,@raghavaraosunkanapally7419,"At first, I tried on AWS Ubuntu t2.micro to run airflow - Gave error(Didnot execute Airflow Standalone)
But Later, I tried t3.medium, It worked well. Thanks for the video!",2022-09-21T17:52:51Z
232,@mangeshgawali7683,"Great explanation. Thanks, Darshil! üòä",2022-09-21T12:23:24Z
233,@santoshchavan1929,Awesome sir...... That's what I actually want...,2022-09-21T10:08:03Z
234,@mohammadtanvirhossain5576,Hey bro always liked your video !! do create more project based Data Engineering Videos. Would be nice if you would create something that will teach about docker.,2022-09-21T08:06:43Z
235,@PrincessNaveena,"Wowww., Wonderful explanation.., never before ever after...
True master for Big Data  ,üôÇDarshil",2022-09-21T05:04:40Z
236,@vidyanishok7735,Thanks and keep doing more... Please also make python part 2 ..,2022-09-21T04:05:56Z
237,@rolinejohnaguilar5272,"cool man, just what I needed",2022-09-21T02:38:18Z
238,@Lucaslopes-yf7ey,"Very good Darshil, keep the good work, cheers from Brasil.",2022-09-21T02:18:58Z
239,@vivekjoshi3769,"Hi Darshil!
One small question. Sorry it's not related to DE but ETL.
Do I need know ETL for a data analyst jobs in India ?
I have looked Job desctiption of data analyst jobs in India and the US & I saw this pattern of ""requiring knowledge of ETL & Data Warehouse"" in most DA jobs in India where as DA jobs in the US have least number of requirements.

I don't know what is the ground reality of Data Analyst jobs in India but things like those make me scare away from applying to DA jobs in the country until I get ETL knowledge(my brain tells me that). Now I don't know heck about ETL because my professional Certification did not cover ETL so I am unable to freely apply for jobs and feel chained due to not knowing that one ETL technology.
Thank you if you could help.",2022-09-21T01:48:31Z
240,@ramgurung7752,Thanks!,2022-09-21T00:47:15Z
241,@keyursolanki,Love the way you have explained things. Loads of success to youüòá,2022-09-20T23:45:14Z
242,@partabparmar5537,THANK YOU SO MUCH FOR SUCHA  QUALITY CONTENT ......GOD BLESS YOU,2022-09-20T20:06:54Z
243,@khushahmed97,Great explanation! Will try to replicate in GCP,2022-09-20T19:53:58Z
244,@aritra1414,Please take out time and create deeper conceptual projects like this. If possible please provide real time scenario based projects. We will be really interested to get further depth. This one is awesome!!,2022-09-20T19:26:30Z
245,@rohankupate5917,mai ye begining karna chahtu  hu par  muze aws nhi ata aur Apache bhi nhi,2022-09-20T17:28:01Z
246,@Bhagwata_shlok,Thanks a lot ‚ù§Ô∏è,2022-09-20T16:44:13Z
247,@arielcarambula5061,"Hi Darshil I have this error following your code: 

453 - You currently have Essential access which includes access to Twitter API v2 endpoints only. If you need access to this endpoint, you‚Äôll need to apply for Elevated access via the Developer Portal
Thanks in advance",2022-09-20T16:24:31Z
248,@meetpatel9690,"Hii darshil
Could you tell that will there be a job of data engineering in web 3.0 or not because data will be decentralised in web 3.0",2022-09-20T16:15:40Z
249,@muleyshubham,Thanks Darshil for the project ! Loved it ! Can you suggest topics/ideas for more projects so that we can do it on our own ?,2022-09-20T16:13:39Z
250,@venkatah9847,My sincere thanks to your efforts for contributing these kind of real time scenario based use case examples. üôè,2022-09-20T15:55:12Z
251,@arnavroy5663,Very knowledgeable,2022-09-20T15:50:01Z
252,@same95ful,"Hi Darshil, what's the pre requisite for this content. Any cloud or prior knowledge is required?",2022-09-20T15:26:24Z
253,@mesumrazahemani3163,Very good! Make more of such videos.,2022-09-20T15:18:06Z
254,@abhijeetpradhan143,"Best content ever..üëç
So nice of you..
Really want more such Projects..",2022-09-20T15:11:44Z
255,@negidheerendra1,Plz make a data engineering course.,2022-09-20T15:09:39Z
256,@payday_1150,Please keep making more videos like this!,2022-09-20T15:09:11Z
257,@tejasborkar5917,"Great darshil this is really helpful video
Thank you.. keep uploading content like this please",2022-09-20T14:49:31Z
258,@shashankemani1609,This is amazing. Thank you! I have a question. Can we call extracting Twitter data as web scrapping?,2022-09-20T14:47:53Z
259,@ridercomrade4562,Thanks,2022-09-20T14:31:31Z
260,@abdulrazakshaik1128,Really Appreciate your efforts to the Data Community you are doing a great job. Thank you ‚ù§Ô∏è,2022-09-20T14:17:32Z
261,@jitendraparihar56,Eagerly waiting for this project. Thank you darshil for such amazing projects...,2022-09-20T14:03:25Z
262,@shivanshpratap,Make more and more projects.,2022-09-20T13:23:03Z
263,@sumantaghosh9299,this is what is called content and actual do something for community ..rather than just doing faltu things...thank u so much Darshil ‚ù§Ô∏è,2022-09-20T13:16:19Z
264,@rakeshrout780,Can airflow run on windows ?,2022-09-20T13:15:41Z
265,@shrikantpandey6401,Make more on airflow and end to end data pipeline. Great effort :),2022-09-20T13:04:37Z
266,@himanshuchavan9160,Thank You Very Much for the project Darshil ‚ù§Ô∏è.  Could you recommend any laptop for doing end to end data engineering projects? I am very confused about it. Please help me with this. Thank You once again.,2022-09-20T12:59:48Z
267,@dev_manish,Please make a tutorial series on Airflow,2022-09-20T12:58:46Z
268,@aarthi1163,Thanks you... Waiting for this,2022-09-20T12:33:39Z
269,@hritikapal683,Hey thanks man I've been eagerly waiting for this. Would now explore and learn!,2022-09-20T12:30:51Z
270,@aaravkumarsingh4018,"Thanku darshil for making this project, please make this type of project on regular basis so that it will help us to enhance our skill",2022-09-20T12:28:34Z
271,@karangupta_DE,"this is perfect, thank you Darshil",2022-09-20T12:17:55Z
272,@karthikprabhu416,Thank you for everything it helps  me so much,2022-09-20T12:07:03Z
273,@DarshilParmar,"EDIT:
Elon Musk ruined the API part, you can use some other APIs

Here's one of the subscriber built the same project using other APIs - https://chenmeiqiao.notion.site/How-I-Reach-Out-to-YouTubers-I-Like-As-A-Data-Engineer-c37bdddefde54c3789229ffa5a789432

or you can use a static dataset from Kaggle and then use Airflow to process it
https://www.kaggle.com/datasets/mmmarchetti/tweets-dataset

FAQ:
1. Twitter removed free access: It still has free access but with limits of requests you can make - https://developer.twitter.com/en/docs/twitter-api/getting-started/about-twitter-api

2. You need to request for V2 access: You will get an error but just by reading the doc you should be able to access Elevated Access


Worked very hard for this projectü§û
Don‚Äôt forget to hit the like button and if you want to support my work you can join channel membership, it's only 59rs per month so that I can keep these content for free",2022-09-20T12:06:19Z
